email,password,username,cpostal,dni,number
interdum.feugiat@protonmail.edu,Obulusrd45,Stmwj,86661,23691318L,608224128
lacus@yahoo.edu,Hgntsysw51,Iluig,83803,33757922F,612646772
ad.litora@hotmail.org,Tojsiqcv56,Ywmry,55105,19783477T,612718215
scelerisque@outlook.org,Lrlflpqh93,Ygdvn,57147,67638815E,614564355
etiam.gravida@outlook.net,Cinexxyl91,Gspvw,48541,48953717B,615445422
vivamus.rhoncus@protonmail.org,Kugnoobj05,Htqau,16280,20849774E,617463544
lacus@yahoo.edu,Uoxweqtp44,Pjmbv,21944,43195365Y,618124252
sit.amet.ornare@google.org,Iegeygbk88,Admcw,58884,40261825O,621568392
non.bibendum@icloud.com,Kvpfotzp16,Ptbvi,52070,47604772P,624712251
velit.quisque@yahoo.com,Qpsijbfv51,Yyvhp,44234,75503344C,624867665
cursus.non@protonmail.net,Fmbmmczl88,Wobhn,03112,72745527Q,625538863
nascetur.ridiculus@hotmail.ca,Mffrdrbn57,Fcunx,22311,31705377C,626358781
eget.dictum.placerat@hotmail.edu,Rxphxkbf86,Nwusj,47592,78465423L,628464024
cras.lorem@outlook.ca,Dtwvemrp30,Llltr,46122,78465423L,631475229
dui.nec@google.com,Hhsobgnk07,Ehjib,98853,10084879R,635585777
nunc.sed@yahoo.com,Odwugyvx67,Rgsxi,36598,21663891I,637276826
et.pede@yahoo.edu,Xcwgiujg95,Filam,46498,23292945S,637682779
vivamus.rhoncus@protonmail.org,Goqjmfvg40,Bgigq,62718,37476526Y,637783397
mattis.ornare@hotmail.org,Kjgcvkjw83,Afksf,13324,15758195J,638260071
ornare.elit.elit@hotmail.edu,Lllfnnou35,Byhej,22821,52133165P,642188382
lectus.convallis@yahoo.ca,Wujmndlc51,Uoekn,40414,16384821M,643894352
aliquam@icloud.com,Rckneufl26,Tzmcd,78775,81447223E,643924569
purus.gravida@google.org,Vlexaenw66,Zqkmu,23045,28487975V,644653861
nunc.quisque@google.com,Kaigtwzm69,Igwdc,51833,14642532C,646152526
curabitur.massa@outlook.org,Cpmllsgm85,Erqjj,86154,73838141J,646184918
lectus.convallis@yahoo.ca,Qyvsobcv48,Rtrfo,66653,84807967G,647283861
dolor.sit.amet@icloud.ca,Jvzeosmd79,Fbxbq,49563,48789156C,647855659
tortor.nunc@google.com,Nsudxxbn66,Dtktw,37965,89291257S,652537133
eu.dui@aol.ca,Swjrpigq48,Ejhfq,21467,96329259V,655896196
vivamus.rhoncus@protonmail.org,Ipibhfgj42,Pqety,37752,75126158H,656488307
lacus@yahoo.edu,Dgbuudxk74,Bcszd,18671,28538148G,657816614
proin@outlook.edu,Qcjaudjs91,Jjleb,55290,32431735R,662766298
enim@protonmail.ca,Atkqowfv42,Chtqf,82322,91220809Z,663419215
duis.ac.arcu@hotmail.org,Bmdmdeww30,Kucvz,69555,76242531O,665081215
dignissim.magna@yahoo.com,Poeclexs49,Ngkgt,57146,22178427L,666638129
luctus@hotmail.org,Pvsxobrf02,Ngmhp,53388,75872012A,671069744
gravida@aol.net,Xmxmkwnq38,Drtlh,33770,24583604Z,672151770
natoque.penatibus@outlook.com,Alotxggk11,Csjif,88801,78783243L,672416160
fames.ac@protonmail.com,Fjfopxyn94,Yblsc,46463,56166143B,674684284
fames.ac@protonmail.com,Vlccvspu52,Wiaqf,17131,58482144V,675023387
risus.odio@icloud.com,Xwqwvkeu74,Uhhgr,87252,00831812L,676386784
tortor.nunc@google.com,Hnyjayyg49,Nqdoz,06890,26264609X,678257562
porttitor.interdum@protonmail.ca,Qfbbtfkz64,Lomfp,91357,41367977C,678447432
natoque.penatibus@outlook.com,Gdhsjvpu30,Csacj,67500,99811455D,678963768
tincidunt.dui@outlook.net,Skygecek25,Sgrcj,34165,73464363W,681736177
pharetra.sed.hendrerit@google.org,Xufcbpnl19,Rptlm,32354,73464363W,683649817
et@protonmail.net,Ldhcntcw51,Pogjj,69443,65515123W,686430741
enim@protonmail.ca,Vsdggolf88,Etbbx,88532,74680356V,692244142
luctus@hotmail.org,Mnesbufj87,Spalx,64481,86083688J,692316681
tortor.nunc@google.com,Efgyquvr24,Rncqi,42737,50715816U,692447003
risus.donec@hotmail.ca,Bggexzhw11,Vuzsr,14813,13227707W,693306225
eu.tellus@google.org,Cpqifvfg62,Bdqyq,93285,46784631C,694884760
malesuada.vel.convallis@icloud.ca,Ckilhwxc09,Hfgyh,23721,03487748M,695106862
nec.malesuada.ut@aol.com,Qdosxnpz15,Ugdjd,76638,88775823P,902410137
nulla.tempor@hotmail.org,Zlybjhcb73,Sslmq,64859,14023235U,907551176
nullam.enim.sed@aol.net,Mdvqyxru49,Mbemd,70731,87809459Q,911053352
feugiat.metus@aol.ca,Edvejlhg42,Gtuoh,37271,07374883L,915009564
inceptos.hymenaeos@aol.edu,Hesphlms83,Kjvyp,86735,55572022C,915054278
et@protonmail.net,Rsnsyuul38,Siaeh,46122,05485827J,916263388
enim@google.com,Jjkqimur76,Pnkbm,52884,39744363T,916685382
feugiat.metus@aol.ca,Bttyffgv93,Fzkmz,74777,18437363O,920542255
vel.convallis@protonmail.org,Jhwibdlt54,Jfyvs,31933,42533438U,923013134
sed@protonmail.edu,Pegvtzdu79,Pxsyf,25726,18377410F,925830895
ac.nulla@protonmail.org,Dldwbkyb62,Gqvwp,14450,43177259H,933086457
tincidunt.vehicula.risus@protonmail.edu,Yizdsqeg12,Hlplw,74213,86541577C,936246131
dolor.dolor@icloud.net,Bsmnlldu67,Uiitd,34338,03288232L,940604224
scelerisque.sed@hotmail.net,Gjvpjnsz43,Cqjyu,74329,76491842T,941389813
et.pede@yahoo.edu,Tqgubfui29,Sopmr,72234,17831148T,942442783
mollis.dui.in@hotmail.ca,Foqljtsj07,Oojnl,87843,86844541W,942578706
fames.ac@protonmail.com,Yexanxpq82,Jqchq,82410,46523115H,942956326
lacinia.mattis@protonmail.ca,Khpgnwhx83,Rpqop,64943,41444020C,944732577
nulla.integer.urna@outlook.org,Czknqyyc15,Ofkpw,86980,81053265S,946723252
odio.nam@aol.edu,Uvyeiwzx64,Lyejm,81902,28335382E,947177473
ac.mattis.semper@aol.org,Olefuxcq46,Ukmre,25773,75817676T,947522848
eget.tincidunt.dui@yahoo.net,Uosrikgt41,Hoydm,34750,81979641Q,947861485
lobortis.class@outlook.org,Jsrvckms44,Qyvst,15140,75387588J,948353526
vivamus.rhoncus@protonmail.org,Yoybusil73,Liwif,47592,76148365F,949657714
euismod@protonmail.ca,Gjliymmx51,Ceybe,55285,84798133M,950742152
nibh.dolor@hotmail.edu,Trfvpskc14,Roskm,28621,17562688M,951866855
netus@hotmail.edu,Vygbqkxj40,Xrvbw,21723,86543465P,952382335
et.lacinia@hotmail.org,Qonzoton06,Ncvph,68882,11185233N,952823598
sodales@google.net,Wxqocivp68,Whgnc,08723,73977174X,953362572
tincidunt.dui@outlook.net,Mqxttftg17,Frlzv,11368,87068754O,954828632
et.malesuada@yahoo.edu,Xrdprink42,Ulqrn,15367,85630465A,957655213
nulla.integer.urna@outlook.org,Mcbsxbfk31,Gmgnc,17665,57816654T,961167048
adipiscing@aol.net,Hquzgusb36,Xqnti,87921,17634287M,961514688
lacinia.mattis@protonmail.ca,Okszjdbc48,Fdgmq,09937,78715534M,969634892
lectus@outlook.net,Pjoscwvu96,Egnpv,22287,23587858X,972164152
pellentesque.tincidunt.tempus@google.com,Ahittrym37,Eznbg,16675,69706620N,972480321
bibendum.ullamcorper@outlook.edu,Egcheavy94,Wxyyr,56263,84612949T,974356204
ipsum.curabitur.consequat@protonmail.com,Bsadhuzo46,Iaehx,30697,49082427C,975897632
cras.lorem@outlook.ca,Jeckvvqg05,Gouur,59414,80687104U,977642202
sit.amet@icloud.net,Nozwhqkc75,Tvkkg,31150,41878471C,978821535
nunc.sed.pede@outlook.ca,Bmtrfwuh10,Mheje,51436,38762861H,981840357
eleifend@aol.net,Bwsavfts41,Xvofp,27347,95051132K,982037227
ipsum.cursus.vestibulum@aol.com,Hjdytrch35,Fpkbl,94531,81979641Q,983416817
nam.ligula@aol.com,Smihgyyc35,Bcjko,72015,89106461Y,984481738
nunc.quisque@google.com,Wwbymkwj63,Darxh,41113,57684347F,988132947
quisque.ac@icloud.com,Klybxhwj72,Svmfd,87138,33154057G,990121176
per@aol.ca,Kwonbqfk32,Qcinc,28841,14658822L,991748251
